{"mean":{"confidence_interval":{"confidence_level":0.95,"lower_bound":63759.89226358026,"upper_bound":64303.123951852016},"point_estimate":64029.52727160494,"standard_error":138.44623256176166},"median":{"confidence_interval":{"confidence_level":0.95,"lower_bound":62919.22839506173,"upper_bound":63647.666666666664},"point_estimate":63309.22839506173,"standard_error":180.94782419583203},"median_abs_dev":{"confidence_interval":{"confidence_level":0.95,"lower_bound":3583.956411279462,"upper_bound":4367.182403485531},"point_estimate":3810.245324947213,"standard_error":202.60266823410498},"slope":null,"std_dev":{"confidence_interval":{"confidence_level":0.95,"lower_bound":4197.656542559005,"upper_bound":4546.591965594148},"point_estimate":4377.930250400969,"standard_error":89.17066359218484}}