{"mean":{"confidence_interval":{"confidence_level":0.95,"lower_bound":90488.05564675925,"upper_bound":90874.79098703702},"point_estimate":90679.78635185174,"standard_error":98.51079942803298},"median":{"confidence_interval":{"confidence_level":0.95,"lower_bound":89205.75925925927,"upper_bound":89413.73148148149},"point_estimate":89290.99074074073,"standard_error":53.41364386698348},"median_abs_dev":{"confidence_interval":{"confidence_level":0.95,"lower_bound":1468.4861024013621,"upper_bound":1889.367749790338},"point_estimate":1666.1129037538997,"standard_error":104.86500355908177},"slope":null,"std_dev":{"confidence_interval":{"confidence_level":0.95,"lower_bound":2948.5578983512764,"upper_bound":3286.386452932427},"point_estimate":3120.2461314202606,"standard_error":86.05668216495881}}