{"mean":{"confidence_interval":{"confidence_level":0.95,"lower_bound":0.03711409853959563,"upper_bound":0.04154114973516197},"point_estimate":0.039337689358785566,"standard_error":0.001124564289264122},"median":{"confidence_interval":{"confidence_level":0.95,"lower_bound":0.03811913976628312,"upper_bound":0.043038013221432546},"point_estimate":0.04021484112041218,"standard_error":0.00123542665519496}}