{"mean":{"confidence_interval":{"confidence_level":0.95,"lower_bound":24293.549765394095,"upper_bound":24396.89081921182},"point_estimate":24345.072364531992,"standard_error":26.350015051203677},"median":{"confidence_interval":{"confidence_level":0.95,"lower_bound":24077.721674876848,"upper_bound":24236.463054187192},"point_estimate":24165.211822660098,"standard_error":41.494215334297635},"median_abs_dev":{"confidence_interval":{"confidence_level":0.95,"lower_bound":862.6101692545731,"upper_bound":999.8166717324639},"point_estimate":946.8226693974353,"standard_error":34.974898200872744},"slope":null,"std_dev":{"confidence_interval":{"confidence_level":0.95,"lower_bound":803.2701452230632,"upper_bound":861.0536678422549},"point_estimate":832.9819558708379,"standard_error":14.73144066720519}}