{"mean":{"confidence_interval":{"confidence_level":0.95,"lower_bound":0.020149152854365318,"upper_bound":0.026721022522552804},"point_estimate":0.02350231857668028,"standard_error":0.0016733892296508335},"median":{"confidence_interval":{"confidence_level":0.95,"lower_bound":0.016000342440054993,"upper_bound":0.020112775731843113},"point_estimate":0.01816787095707495,"standard_error":0.0010088646504837983}}