{"mean":{"confidence_interval":{"confidence_level":0.95,"lower_bound":0.0528734831568178,"upper_bound":0.060276869277410036},"point_estimate":0.05648192917438433,"standard_error":0.0018860339894103688},"median":{"confidence_interval":{"confidence_level":0.95,"lower_bound":0.05181677243355143,"upper_bound":0.059189056462287004},"point_estimate":0.055237575778071646,"standard_error":0.0018764950384125003}}