{"mean":{"confidence_interval":{"confidence_level":0.95,"lower_bound":0.06762107815521176,"upper_bound":0.08377803248906891},"point_estimate":0.0757528006971735,"standard_error":0.004175216870383012},"median":{"confidence_interval":{"confidence_level":0.95,"lower_bound":0.06150192626746298,"upper_bound":0.06524371339244528},"point_estimate":0.06351514264453617,"standard_error":0.0010736637851543546}}