{"mean":{"confidence_interval":{"confidence_level":0.95,"lower_bound":0.004847281213574911,"upper_bound":0.009731169347340118},"point_estimate":0.007314313361204361,"standard_error":0.001245440669574136},"median":{"confidence_interval":{"confidence_level":0.95,"lower_bound":0.011009885473828085,"upper_bound":0.014974868005851016},"point_estimate":0.012750834371178854,"standard_error":0.0010120307617562615}}