{"mean":{"confidence_interval":{"confidence_level":0.95,"lower_bound":-0.05691529869005369,"upper_bound":0.2663188111619923},"point_estimate":0.0893757020039827,"standard_error":0.08257626402670726},"median":{"confidence_interval":{"confidence_level":0.95,"lower_bound":0.08909837276931398,"upper_bound":0.10638963823687098},"point_estimate":0.09884575791834327,"standard_error":0.004480664178343374}}