{"mean":{"confidence_interval":{"confidence_level":0.95,"lower_bound":235538.61797954532,"upper_bound":236785.69363409065},"point_estimate":236158.8830909091,"standard_error":317.80151254212984},"median":{"confidence_interval":{"confidence_level":0.95,"lower_bound":233698.61363636365,"upper_bound":235992.36363636365},"point_estimate":234764.43181818182,"standard_error":609.5328831389304},"median_abs_dev":{"confidence_interval":{"confidence_level":0.95,"lower_bound":12140.034016289477,"upper_bound":13963.535951870399},"point_estimate":13229.340651495882,"standard_error":462.57206929835445},"slope":null,"std_dev":{"confidence_interval":{"confidence_level":0.95,"lower_bound":9795.943595593677,"upper_bound":10314.053471244117},"point_estimate":10064.19432594372,"standard_error":132.37947201514143}}