{"mean":{"confidence_interval":{"confidence_level":0.95,"lower_bound":-0.018252543956840783,"upper_bound":-0.014092512186027566},"point_estimate":-0.0162272425198845,"standard_error":0.001060385306592392},"median":{"confidence_interval":{"confidence_level":0.95,"lower_bound":-0.01844149664451982,"upper_bound":-0.01378420844160385},"point_estimate":-0.016332653914696182,"standard_error":0.0011886726785043198}}