{"mean":{"confidence_interval":{"confidence_level":0.95,"lower_bound":-0.007445753738002913,"upper_bound":-0.004048442320926741},"point_estimate":-0.005680609249493762,"standard_error":0.000871817485193761},"median":{"confidence_interval":{"confidence_level":0.95,"lower_bound":-0.005049569907505832,"upper_bound":-0.0013958162203039847},"point_estimate":-0.003463008218681174,"standard_error":0.0009472508430899649}}