{"mean":{"confidence_interval":{"confidence_level":0.95,"lower_bound":-0.0022488549016105083,"upper_bound":0.004278919406693726},"point_estimate":0.0010709415885972184,"standard_error":0.001662581510811463},"median":{"confidence_interval":{"confidence_level":0.95,"lower_bound":0.005808457221733349,"upper_bound":0.011972837591856855},"point_estimate":0.009374211208133643,"standard_error":0.0015162448746512082}}