{"mean":{"confidence_interval":{"confidence_level":0.95,"lower_bound":0.012194792823545022,"upper_bound":0.01689050106607783},"point_estimate":0.014634328664582252,"standard_error":0.001217575805013705},"median":{"confidence_interval":{"confidence_level":0.95,"lower_bound":0.0086086136210346,"upper_bound":0.014113698662483687},"point_estimate":0.01113815030328924,"standard_error":0.0012827957735708946}}