{"mean":{"confidence_interval":{"confidence_level":0.95,"lower_bound":-0.02345805634076688,"upper_bound":-0.01772823571336292},"point_estimate":-0.020571430523649292,"standard_error":0.0014524163574076692},"median":{"confidence_interval":{"confidence_level":0.95,"lower_bound":-0.031378540399979074,"upper_bound":-0.023015357457457756},"point_estimate":-0.027715334300530303,"standard_error":0.0021600288489525914}}