{"mean":{"confidence_interval":{"confidence_level":0.95,"lower_bound":0.03821597776344365,"upper_bound":0.04330749829657949},"point_estimate":0.04070722643672253,"standard_error":0.0012980871855904452},"median":{"confidence_interval":{"confidence_level":0.95,"lower_bound":0.03505359739450564,"upper_bound":0.03968733228136414},"point_estimate":0.036901144371371375,"standard_error":0.0011682399600159584}}