{"mean":{"confidence_interval":{"confidence_level":0.95,"lower_bound":4575.244267007213,"upper_bound":4590.04918155154},"point_estimate":4582.562171618115,"standard_error":3.778965016512972},"median":{"confidence_interval":{"confidence_level":0.95,"lower_bound":4545.078067063842,"upper_bound":4553.254609813131},"point_estimate":4549.417406933875,"standard_error":2.20878845457024},"median_abs_dev":{"confidence_interval":{"confidence_level":0.95,"lower_bound":46.98047525705254,"upper_bound":58.39889687271595},"point_estimate":52.824962571164555,"standard_error":2.8771878867027776},"slope":{"confidence_interval":{"confidence_level":0.95,"lower_bound":4576.4351458494175,"upper_bound":4594.911387574521},"point_estimate":4585.4830633394595,"standard_error":4.705307615316493},"std_dev":{"confidence_interval":{"confidence_level":0.95,"lower_bound":102.1674710908073,"upper_bound":140.5193176918628},"point_estimate":119.87060487361784,"standard_error":9.922362806853746}}