{"mean":{"confidence_interval":{"confidence_level":0.95,"lower_bound":359204.8251035715,"upper_bound":360395.3326000001},"point_estimate":359795.11714285787,"standard_error":303.4666524355051},"median":{"confidence_interval":{"confidence_level":0.95,"lower_bound":357252.39285714284,"upper_bound":358605.9642857143},"point_estimate":357927.0714285714,"standard_error":377.85287083558285},"median_abs_dev":{"confidence_interval":{"confidence_level":0.95,"lower_bound":8173.625281139138,"upper_bound":9536.719754439475},"point_estimate":8820.622643402614,"standard_error":344.5386773664286},"slope":null,"std_dev":{"confidence_interval":{"confidence_level":0.95,"lower_bound":8758.681753328361,"upper_bound":10587.4922747722},"point_estimate":9580.156437923191,"standard_error":476.16572791785126}}