{"mean":{"confidence_interval":{"confidence_level":0.95,"lower_bound":0.027971944658064154,"upper_bound":0.034237209447916146},"point_estimate":0.031116290997073248,"standard_error":0.0016003578330159108},"median":{"confidence_interval":{"confidence_level":0.95,"lower_bound":0.04207754638858895,"upper_bound":0.04870518729966941},"point_estimate":0.045695709773476256,"standard_error":0.00172502318730389}}