{"mean":{"confidence_interval":{"confidence_level":0.95,"lower_bound":0.03266168738941978,"upper_bound":0.03598342686161411},"point_estimate":0.03432535663239333,"standard_error":0.0008476133606653306},"median":{"confidence_interval":{"confidence_level":0.95,"lower_bound":0.032146053501955096,"upper_bound":0.03565134416975946},"point_estimate":0.033974312049270594,"standard_error":0.0008894999556544553}}