{"mean":{"confidence_interval":{"confidence_level":0.95,"lower_bound":0.04869210412645697,"upper_bound":0.0530462175290437},"point_estimate":0.050979118043630534,"standard_error":0.0011156122931445212},"median":{"confidence_interval":{"confidence_level":0.95,"lower_bound":0.05061159138448609,"upper_bound":0.05424041538991683},"point_estimate":0.05247089331254351,"standard_error":0.0009724335007342675}}