{"mean":{"confidence_interval":{"confidence_level":0.95,"lower_bound":62716.430766768186,"upper_bound":63057.32894451209},"point_estimate":62887.67378048778,"standard_error":86.94103980921388},"median":{"confidence_interval":{"confidence_level":0.95,"lower_bound":62766.71951219512,"upper_bound":63540.28048780488},"point_estimate":63152.042682926825,"standard_error":187.6188803561429},"median_abs_dev":{"confidence_interval":{"confidence_level":0.95,"lower_bound":3419.7996782193495,"upper_bound":4101.848099525198},"point_estimate":3880.144935991702,"standard_error":156.44652503219694},"slope":null,"std_dev":{"confidence_interval":{"confidence_level":0.95,"lower_bound":2669.82881405658,"upper_bound":2821.7307815889067},"point_estimate":2747.482843950484,"standard_error":38.84055961244731}}