{"mean":{"confidence_interval":{"confidence_level":0.95,"lower_bound":2696.716155281121,"upper_bound":2708.024757700462},"point_estimate":2702.3108729978567,"standard_error":2.8774030851613017},"median":{"confidence_interval":{"confidence_level":0.95,"lower_bound":2674.433968761965,"upper_bound":2688.1978997652277},"point_estimate":2682.126930717379,"standard_error":3.394334832937509},"median_abs_dev":{"confidence_interval":{"confidence_level":0.95,"lower_bound":67.01565350273745,"upper_bound":80.03530085048486},"point_estimate":73.33841871304233,"standard_error":3.2695683267958984},"slope":{"confidence_interval":{"confidence_level":0.95,"lower_bound":2693.3143701951276,"upper_bound":2709.567170949036},"point_estimate":2701.3273956111357,"standard_error":4.131406431232838},"std_dev":{"confidence_interval":{"confidence_level":0.95,"lower_bound":85.72946622539646,"upper_bound":97.06986977797952},"point_estimate":91.35618042713938,"standard_error":2.888994569198168}}