{"mean":{"confidence_interval":{"confidence_level":0.95,"lower_bound":204790.15394999983,"upper_bound":205529.89114299987},"point_estimate":205159.77315999984,"standard_error":188.75339031737684},"median":{"confidence_interval":{"confidence_level":0.95,"lower_bound":203351.28,"upper_bound":204349.74},"point_estimate":203777.72,"standard_error":279.3484638020779},"median_abs_dev":{"confidence_interval":{"confidence_level":0.95,"lower_bound":5384.445797806991,"upper_bound":6510.185440421102},"point_estimate":5861.607255935677,"standard_error":289.7008170528003},"slope":null,"std_dev":{"confidence_interval":{"confidence_level":0.95,"lower_bound":5746.199936853446,"upper_bound":6183.286093165351},"point_estimate":5967.77468781543,"standard_error":111.5988320351374}}