{"mean":{"confidence_interval":{"confidence_level":0.95,"lower_bound":36536.71552891787,"upper_bound":36622.221082089476},"point_estimate":36579.237440298515,"standard_error":21.761676036530716},"median":{"confidence_interval":{"confidence_level":0.95,"lower_bound":36441.600746268654,"upper_bound":36529.76119402985},"point_estimate":36486.58582089552,"standard_error":22.831719814471754},"median_abs_dev":{"confidence_interval":{"confidence_level":0.95,"lower_bound":649.6494459477594,"upper_bound":754.5937360995566},"point_estimate":702.3485449935034,"standard_error":26.372476183289752},"slope":null,"std_dev":{"confidence_interval":{"confidence_level":0.95,"lower_bound":657.9646172006568,"upper_bound":721.8448773623728},"point_estimate":690.1004054893087,"standard_error":16.283706260073146}}