{"mean":{"confidence_interval":{"confidence_level":0.95,"lower_bound":0.032674476759439255,"upper_bound":0.03604581890424209},"point_estimate":0.03432313155019551,"standard_error":0.0008573193543797878},"median":{"confidence_interval":{"confidence_level":0.95,"lower_bound":0.03633715240052425,"upper_bound":0.04000354742852519},"point_estimate":0.038142791576520896,"standard_error":0.0009266687196459614}}