{"mean":{"confidence_interval":{"confidence_level":0.95,"lower_bound":4510.585233207513,"upper_bound":4529.783182118159},"point_estimate":4520.091095877319,"standard_error":4.904209117618386},"median":{"confidence_interval":{"confidence_level":0.95,"lower_bound":4473.229782528078,"upper_bound":4496.729372181755},"point_estimate":4484.035905138517,"standard_error":5.627248346143731},"median_abs_dev":{"confidence_interval":{"confidence_level":0.95,"lower_bound":129.74927596007717,"upper_bound":150.83905274909748},"point_estimate":139.7167707975718,"standard_error":5.352181872341701},"slope":{"confidence_interval":{"confidence_level":0.95,"lower_bound":4496.652563178495,"upper_bound":4518.4314115766765},"point_estimate":4507.402973440353,"standard_error":5.564670379075729},"std_dev":{"confidence_interval":{"confidence_level":0.95,"lower_bound":148.67524026813368,"upper_bound":161.93662581190665},"point_estimate":155.4501332279196,"standard_error":3.3738776772956887}}