{"mean":{"confidence_interval":{"confidence_level":0.95,"lower_bound":3217.9069410077336,"upper_bound":3225.2843003925823},"point_estimate":3221.5313470394685,"standard_error":1.8835560107225302},"median":{"confidence_interval":{"confidence_level":0.95,"lower_bound":3209.458258073344,"upper_bound":3217.2479166666667},"point_estimate":3213.0984112221963,"standard_error":1.9094133485623994},"median_abs_dev":{"confidence_interval":{"confidence_level":0.95,"lower_bound":48.96636062917498,"upper_bound":55.37838514445501},"point_estimate":52.18418943003215,"standard_error":1.6125706952894119},"slope":{"confidence_interval":{"confidence_level":0.95,"lower_bound":3201.105866172065,"upper_bound":3207.8205238519017},"point_estimate":3204.4477360083692,"standard_error":1.7133438840304547},"std_dev":{"confidence_interval":{"confidence_level":0.95,"lower_bound":55.362182711319775,"upper_bound":63.63765013833401},"point_estimate":59.46081584250079,"standard_error":2.1091566009994054}}