{"mean":{"confidence_interval":{"confidence_level":0.95,"lower_bound":-0.05182446873509196,"upper_bound":-0.04339096018833628},"point_estimate":-0.04779140407346627,"standard_error":0.0021572744701754635},"median":{"confidence_interval":{"confidence_level":0.95,"lower_bound":-0.07202498936442636,"upper_bound":-0.06504155182278158},"point_estimate":-0.06898917443023134,"standard_error":0.0017697906101297994}}