{"mean":{"confidence_interval":{"confidence_level":0.95,"lower_bound":-0.0204616372657981,"upper_bound":-0.014159208630427494},"point_estimate":-0.01724507025278288,"standard_error":0.0015996269040041788},"median":{"confidence_interval":{"confidence_level":0.95,"lower_bound":-0.019054857603717057,"upper_bound":-0.012004417954203065},"point_estimate":-0.015063230685102513,"standard_error":0.0018019536147878307}}