{"mean":{"confidence_interval":{"confidence_level":0.95,"lower_bound":141802.08642499972,"upper_bound":142787.16241428567},"point_estimate":142295.61782857147,"standard_error":250.8517004930143},"median":{"confidence_interval":{"confidence_level":0.95,"lower_bound":141166.77142857143,"upper_bound":142723.08571428573},"point_estimate":142070.35714285713,"standard_error":400.6704199058504},"median_abs_dev":{"confidence_interval":{"confidence_level":0.95,"lower_bound":9320.487049028297,"upper_bound":10700.877110021473},"point_estimate":10125.247080240955,"standard_error":373.7374128550764},"slope":null,"std_dev":{"confidence_interval":{"confidence_level":0.95,"lower_bound":7675.634324818572,"upper_bound":8169.282376939499},"point_estimate":7928.7980626625,"standard_error":126.19125549679214}}