{"mean":{"confidence_interval":{"confidence_level":0.95,"lower_bound":136176.91799189185,"upper_bound":136693.28968851353},"point_estimate":136433.5787837838,"standard_error":131.01103101600089},"median":{"confidence_interval":{"confidence_level":0.95,"lower_bound":134683.05405405405,"upper_bound":135279.8783783784},"point_estimate":134981.1081081081,"standard_error":163.06173695131656},"median_abs_dev":{"confidence_interval":{"confidence_level":0.95,"lower_bound":3231.0661858803446,"upper_bound":3999.8593864207555},"point_estimate":3616.0813709368467,"standard_error":192.38539894598463},"slope":null,"std_dev":{"confidence_interval":{"confidence_level":0.95,"lower_bound":4011.2224377491007,"upper_bound":4259.442870877341},"point_estimate":4140.366901826686,"standard_error":63.23229937660333}}