{"mean":{"confidence_interval":{"confidence_level":0.95,"lower_bound":0.049423655801095916,"upper_bound":0.05291380905312312},"point_estimate":0.05126014513058852,"standard_error":0.0008795974259648466},"median":{"confidence_interval":{"confidence_level":0.95,"lower_bound":0.045024897139390285,"upper_bound":0.04889019010229445},"point_estimate":0.04686857161822511,"standard_error":0.0009448792885990654}}