{"mean":{"confidence_interval":{"confidence_level":0.95,"lower_bound":0.0011509650408715916,"upper_bound":0.01884740724682381},"point_estimate":0.010530183264491288,"standard_error":0.0045124519083891606},"median":{"confidence_interval":{"confidence_level":0.95,"lower_bound":0.05548094629225544,"upper_bound":0.06565752993200547},"point_estimate":0.06146328635576981,"standard_error":0.002513352293589327}}