{"mean":{"confidence_interval":{"confidence_level":0.95,"lower_bound":-0.038048807362526395,"upper_bound":-0.02868011124771023},"point_estimate":-0.03324234863998332,"standard_error":0.0023894223406923255},"median":{"confidence_interval":{"confidence_level":0.95,"lower_bound":-0.02163866286110574,"upper_bound":-0.007583946655349005},"point_estimate":-0.013978611839012944,"standard_error":0.003583425171053573}}