{"mean":{"confidence_interval":{"confidence_level":0.95,"lower_bound":0.045304797904764,"upper_bound":0.056625929843058566},"point_estimate":0.05066088386936918,"standard_error":0.002878558645236283},"median":{"confidence_interval":{"confidence_level":0.95,"lower_bound":0.02838295890305309,"upper_bound":0.05580527547514369},"point_estimate":0.04076909193507827,"standard_error":0.007050244790714694}}