{"mean":{"confidence_interval":{"confidence_level":0.95,"lower_bound":0.033855007100864844,"upper_bound":0.03892710639197006},"point_estimate":0.036254730502161214,"standard_error":0.0012907710770912},"median":{"confidence_interval":{"confidence_level":0.95,"lower_bound":0.037305702565305854,"upper_bound":0.044682679433984074},"point_estimate":0.04085390398502242,"standard_error":0.0018744523935821868}}