{"mean":{"confidence_interval":{"confidence_level":0.95,"lower_bound":0.05068799204539661,"upper_bound":0.07126480843076176},"point_estimate":0.06049908699219553,"standard_error":0.0051729485145772264},"median":{"confidence_interval":{"confidence_level":0.95,"lower_bound":0.02611485770257249,"upper_bound":0.04997907229044678},"point_estimate":0.028527431235942258,"standard_error":0.0059136628541268076}}