{"mean":{"confidence_interval":{"confidence_level":0.95,"lower_bound":24916.439437436522,"upper_bound":25102.427453299522},"point_estimate":25004.887091370558,"standard_error":47.25533269731864},"median":{"confidence_interval":{"confidence_level":0.95,"lower_bound":24812.20812182741,"upper_bound":25002.58883248731},"point_estimate":24901.28426395939,"standard_error":47.08074189050706},"median_abs_dev":{"confidence_interval":{"confidence_level":0.95,"lower_bound":1119.0542305642862,"upper_bound":1309.0684200588785},"point_estimate":1208.0405206849748,"standard_error":48.72211288085196},"slope":null,"std_dev":{"confidence_interval":{"confidence_level":0.95,"lower_bound":1087.9631417818925,"upper_bound":1942.7666868636682},"point_estimate":1500.6945294599443,"standard_error":220.83946792976326}}