{"mean":{"confidence_interval":{"confidence_level":0.95,"lower_bound":27275.617408888884,"upper_bound":27337.87113333334},"point_estimate":27306.69842222222,"standard_error":15.91067071502443},"median":{"confidence_interval":{"confidence_level":0.95,"lower_bound":27211.00833333333,"upper_bound":27291.469444444443},"point_estimate":27256.725,"standard_error":21.807908622344446},"median_abs_dev":{"confidence_interval":{"confidence_level":0.95,"lower_bound":462.76887178421003,"upper_bound":539.7281654179116},"point_estimate":504.59466437499066,"standard_error":19.51388093002954},"slope":null,"std_dev":{"confidence_interval":{"confidence_level":0.95,"lower_bound":479.7564717267755,"upper_bound":526.2320943595605},"point_estimate":503.2380781455444,"standard_error":11.819582140767553}}