{"mean":{"confidence_interval":{"confidence_level":0.95,"lower_bound":205554.59018500027,"upper_bound":206509.3763759998},"point_estimate":206014.2207200002,"standard_error":243.1859807954662},"median":{"confidence_interval":{"confidence_level":0.95,"lower_bound":203145.97999999998,"upper_bound":203757.18},"point_estimate":203507.34000000003,"standard_error":165.12487242451866},"median_abs_dev":{"confidence_interval":{"confidence_level":0.95,"lower_bound":2793.3369584083584,"upper_bound":3615.9138171046884},"point_estimate":3197.434407234191,"standard_error":211.5150020133613},"slope":null,"std_dev":{"confidence_interval":{"confidence_level":0.95,"lower_bound":5996.1320795442625,"upper_bound":9553.685366872594},"point_estimate":7670.57099027944,"standard_error":924.9321835632522}}