{"mean":{"confidence_interval":{"confidence_level":0.95,"lower_bound":27010.646522237585,"upper_bound":27077.07605497239},"point_estimate":27044.083022099425,"standard_error":16.960629215593425},"median":{"confidence_interval":{"confidence_level":0.95,"lower_bound":26973.57182320442,"upper_bound":27057.613259668506},"point_estimate":27009.5,"standard_error":20.224752371093494},"median_abs_dev":{"confidence_interval":{"confidence_level":0.95,"lower_bound":514.8021240096085,"upper_bound":593.3799226145713},"point_estimate":550.7490300012549,"standard_error":20.165014526606523},"slope":null,"std_dev":{"confidence_interval":{"confidence_level":0.95,"lower_bound":508.3242036999461,"upper_bound":558.8174509799913},"point_estimate":533.7131577035831,"standard_error":12.876486810853619}}