{"mean":{"confidence_interval":{"confidence_level":0.95,"lower_bound":36288.08511672795,"upper_bound":36363.961221875004},"point_estimate":36325.85979411768,"standard_error":19.34497749926173},"median":{"confidence_interval":{"confidence_level":0.95,"lower_bound":36178.74632352941,"upper_bound":36273.555147058825},"point_estimate":36230.67647058824,"standard_error":22.871490267497176},"median_abs_dev":{"confidence_interval":{"confidence_level":0.95,"lower_bound":527.9854648910966,"upper_bound":618.7185392545288},"point_estimate":577.33097063268,"standard_error":23.396789539895742},"slope":null,"std_dev":{"confidence_interval":{"confidence_level":0.95,"lower_bound":580.4486276017061,"upper_bound":642.7951240077498},"point_estimate":612.0822103607666,"standard_error":15.9067641450644}}