{"mean":{"confidence_interval":{"confidence_level":0.95,"lower_bound":-0.013359486666381608,"upper_bound":-0.006634710593348381},"point_estimate":-0.009975698537410649,"standard_error":0.0017157559892343143},"median":{"confidence_interval":{"confidence_level":0.95,"lower_bound":-0.0036185410077493874,"upper_bound":0.021960016713927777},"point_estimate":0.013960527624422125,"standard_error":0.00626703725937122}}