{"mean":{"confidence_interval":{"confidence_level":0.95,"lower_bound":0.04757143822825523,"upper_bound":0.05506694562736684},"point_estimate":0.05125905256318131,"standard_error":0.0018792935513640343},"median":{"confidence_interval":{"confidence_level":0.95,"lower_bound":0.03973490103106545,"upper_bound":0.045813157781438685},"point_estimate":0.04255230848719371,"standard_error":0.0015584852745376347}}