{"mean":{"confidence_interval":{"confidence_level":0.95,"lower_bound":-0.025709515355418357,"upper_bound":-0.017538337157798296},"point_estimate":-0.021071603634021496,"standard_error":0.0021083355892497846},"median":{"confidence_interval":{"confidence_level":0.95,"lower_bound":-0.025457468798449567,"upper_bound":-0.02117834622583557},"point_estimate":-0.023272100378390337,"standard_error":0.001108370150193587}}