{"mean":{"confidence_interval":{"confidence_level":0.95,"lower_bound":-0.05310908071830827,"upper_bound":-0.0261917484283448},"point_estimate":-0.037678314544899005,"standard_error":0.006941492517817381},"median":{"confidence_interval":{"confidence_level":0.95,"lower_bound":-0.013303479056123058,"upper_bound":-0.009162615209863079},"point_estimate":-0.011665034735303892,"standard_error":0.0010802719190174032}}