{"mean":{"confidence_interval":{"confidence_level":0.95,"lower_bound":0.0130337620224602,"upper_bound":0.022154064427374574},"point_estimate":0.01689437798107951,"standard_error":0.0023638498780376794},"median":{"confidence_interval":{"confidence_level":0.95,"lower_bound":0.012714656844005523,"upper_bound":0.017498593219583025},"point_estimate":0.014702126954756034,"standard_error":0.001285116616709448}}