{"mean":{"confidence_interval":{"confidence_level":0.95,"lower_bound":0.0162529867170005,"upper_bound":0.0239493554837537},"point_estimate":0.02024619192173316,"standard_error":0.0019452041129099443},"median":{"confidence_interval":{"confidence_level":0.95,"lower_bound":0.008797032384294745,"upper_bound":0.019793099931945925},"point_estimate":0.014405886885245689,"standard_error":0.002764039268057968}}