{"mean":{"confidence_interval":{"confidence_level":0.95,"lower_bound":338257.550398214,"upper_bound":339275.4244053566},"point_estimate":338761.8316428571,"standard_error":259.20720004378535},"median":{"confidence_interval":{"confidence_level":0.95,"lower_bound":336726.1785714286,"upper_bound":337558.5357142857},"point_estimate":337134.3214285714,"standard_error":212.3099662267148},"median_abs_dev":{"confidence_interval":{"confidence_level":0.95,"lower_bound":5739.726948099452,"upper_bound":6831.291178720357},"point_estimate":6316.193587865155,"standard_error":276.25369255865564},"slope":null,"std_dev":{"confidence_interval":{"confidence_level":0.95,"lower_bound":7722.80344368667,"upper_bound":8633.47195917805},"point_estimate":8178.929815617312,"standard_error":232.28989090343367}}