{"mean":{"confidence_interval":{"confidence_level":0.95,"lower_bound":787.0575480353046,"upper_bound":789.5550430263932},"point_estimate":788.3014826691231,"standard_error":0.6380878646289861},"median":{"confidence_interval":{"confidence_level":0.95,"lower_bound":784.3226924234473,"upper_bound":786.9038721364345},"point_estimate":785.7683979723206,"standard_error":0.68557925089181},"median_abs_dev":{"confidence_interval":{"confidence_level":0.95,"lower_bound":19.015149495655418,"upper_bound":22.80071616542262},"point_estimate":20.850773107048393,"standard_error":0.9678833225638167},"slope":{"confidence_interval":{"confidence_level":0.95,"lower_bound":783.3717447089723,"upper_bound":786.2760513696352},"point_estimate":784.8181756161034,"standard_error":0.742481029130505},"std_dev":{"confidence_interval":{"confidence_level":0.95,"lower_bound":19.251618694686343,"upper_bound":20.907640337755335},"point_estimate":20.085421059556353,"standard_error":0.42168034382751246}}