{"mean":{"confidence_interval":{"confidence_level":0.95,"lower_bound":0.09013419534304735,"upper_bound":0.0933510069447071},"point_estimate":0.09172092347490057,"standard_error":0.0008270115527949022},"median":{"confidence_interval":{"confidence_level":0.95,"lower_bound":0.08967887981223699,"upper_bound":0.09365707908924792},"point_estimate":0.09164948861731026,"standard_error":0.001017659392185965}}