{"mean":{"confidence_interval":{"confidence_level":0.95,"lower_bound":61611.15726981706,"upper_bound":61822.980688414675},"point_estimate":61716.93018292688,"standard_error":54.1832752756582},"median":{"confidence_interval":{"confidence_level":0.95,"lower_bound":61113.829268292684,"upper_bound":61389.98780487805},"point_estimate":61254.29878048781,"standard_error":68.03145200850702},"median_abs_dev":{"confidence_interval":{"confidence_level":0.95,"lower_bound":1123.792699560891,"upper_bound":1414.9977089946171},"point_estimate":1265.3357958284823,"standard_error":76.05544433359184},"slope":null,"std_dev":{"confidence_interval":{"confidence_level":0.95,"lower_bound":1642.940144440173,"upper_bound":1795.2151578459368},"point_estimate":1720.2834027969202,"standard_error":38.83654755766812}}