{"mean":{"confidence_interval":{"confidence_level":0.95,"lower_bound":16321.572762185308,"upper_bound":16371.599417076899},"point_estimate":16346.583608062783,"standard_error":12.786856646525724},"median":{"confidence_interval":{"confidence_level":0.95,"lower_bound":16236.673052201275,"upper_bound":16313.250266240682},"point_estimate":16268.358370890774,"standard_error":19.91629239637228},"median_abs_dev":{"confidence_interval":{"confidence_level":0.95,"lower_bound":375.6737653769992,"upper_bound":452.25551185687016},"point_estimate":413.65140358765257,"standard_error":19.809477804078494},"slope":{"confidence_interval":{"confidence_level":0.95,"lower_bound":16268.884783992069,"upper_bound":16320.681096870041},"point_estimate":16294.399000804293,"standard_error":13.203080913155087},"std_dev":{"confidence_interval":{"confidence_level":0.95,"lower_bound":389.45074582251095,"upper_bound":418.9074042370403},"point_estimate":404.47059113347285,"standard_error":7.5111700851052134}}