{"mean":{"confidence_interval":{"confidence_level":0.95,"lower_bound":0.028645583347584515,"upper_bound":0.41529402843719126},"point_estimate":0.17249249927491372,"standard_error":0.09918146317402941},"median":{"confidence_interval":{"confidence_level":0.95,"lower_bound":0.10743592077152142,"upper_bound":0.12612308191420105},"point_estimate":0.11679519769296975,"standard_error":0.00499887576985986}}