{"mean":{"confidence_interval":{"confidence_level":0.95,"lower_bound":0.006008940295367843,"upper_bound":0.00919119782153699},"point_estimate":0.007603736443431375,"standard_error":0.0008098939577121249},"median":{"confidence_interval":{"confidence_level":0.95,"lower_bound":0.010798247650313897,"upper_bound":0.013578779174658034},"point_estimate":0.012227411198113103,"standard_error":0.0007188419484265619}}