{"mean":{"confidence_interval":{"confidence_level":0.95,"lower_bound":0.031129037113870873,"upper_bound":0.03530520977506027},"point_estimate":0.033141102078738216,"standard_error":0.001072242627600169},"median":{"confidence_interval":{"confidence_level":0.95,"lower_bound":0.027735348559947675,"upper_bound":0.03033107665950241},"point_estimate":0.029021864086384186,"standard_error":0.0006688436932855238}}