{"mean":{"confidence_interval":{"confidence_level":0.95,"lower_bound":257425.27258214256,"upper_bound":258546.1508321424},"point_estimate":257983.4975714283,"standard_error":285.3925374889323},"median":{"confidence_interval":{"confidence_level":0.95,"lower_bound":257262.59523809524,"upper_bound":258987.5},"point_estimate":258154.7142857143,"standard_error":464.58191156911437},"median_abs_dev":{"confidence_interval":{"confidence_level":0.95,"lower_bound":11027.578604221342,"upper_bound":12411.164727157786},"point_estimate":11586.554094297555,"standard_error":359.03996325670295},"slope":null,"std_dev":{"confidence_interval":{"confidence_level":0.95,"lower_bound":8674.956337918169,"upper_bound":9440.284045381504},"point_estimate":9042.105852544224,"standard_error":195.50780779770116}}