{"mean":{"confidence_interval":{"confidence_level":0.95,"lower_bound":-0.04927792093531338,"upper_bound":-0.04137770736462386},"point_estimate":-0.0454237911289862,"standard_error":0.0020132678156587727},"median":{"confidence_interval":{"confidence_level":0.95,"lower_bound":-0.07721174822821067,"upper_bound":-0.07194436025564366},"point_estimate":-0.07443085430678742,"standard_error":0.0013260423612518537}}