{"mean":{"confidence_interval":{"confidence_level":0.95,"lower_bound":0.01767446357251843,"upper_bound":0.02386488710120643},"point_estimate":0.020805867789328136,"standard_error":0.001571430727895848},"median":{"confidence_interval":{"confidence_level":0.95,"lower_bound":0.019665835394345077,"upper_bound":0.0286912893569065},"point_estimate":0.024589835506799496,"standard_error":0.0022547473349419696}}