{"mean":{"confidence_interval":{"confidence_level":0.95,"lower_bound":16729.98167266887,"upper_bound":16769.233057510417},"point_estimate":16749.48967886013,"standard_error":9.969822709163841},"median":{"confidence_interval":{"confidence_level":0.95,"lower_bound":16697.39654731458,"upper_bound":16743.198456923245},"point_estimate":16722.600074312606,"standard_error":11.385503649842253},"median_abs_dev":{"confidence_interval":{"confidence_level":0.95,"lower_bound":248.57611700045754,"upper_bound":289.53305068470974},"point_estimate":267.70227746751846,"standard_error":10.479366620232826},"slope":{"confidence_interval":{"confidence_level":0.95,"lower_bound":16690.0172569827,"upper_bound":16729.344022102883},"point_estimate":16709.499532659243,"standard_error":10.02493079515988},"std_dev":{"confidence_interval":{"confidence_level":0.95,"lower_bound":297.727602669876,"upper_bound":334.8014675708547},"point_estimate":316.5273828997159,"standard_error":9.449716149877167}}