{"mean":{"confidence_interval":{"confidence_level":0.95,"lower_bound":141344.5762864863,"upper_bound":142029.02881689178},"point_estimate":141688.5807567569,"standard_error":173.9465674027129},"median":{"confidence_interval":{"confidence_level":0.95,"lower_bound":141428.16216216216,"upper_bound":142879.41891891893},"point_estimate":142208.0945945946,"standard_error":379.68382465554475},"median_abs_dev":{"confidence_interval":{"confidence_level":0.95,"lower_bound":7058.738615222878,"upper_bound":7900.495769603031},"point_estimate":7416.706368327141,"standard_error":211.73526280786507},"slope":null,"std_dev":{"confidence_interval":{"confidence_level":0.95,"lower_bound":5361.592166234504,"upper_bound":5656.66613794781},"point_estimate":5513.684746328865,"standard_error":75.39991745300001}}