{"mean":{"confidence_interval":{"confidence_level":0.95,"lower_bound":38.46703656377843,"upper_bound":38.94617358021485},"point_estimate":38.69876855120538,"standard_error":0.12196998519783572},"median":{"confidence_interval":{"confidence_level":0.95,"lower_bound":37.10391534391535,"upper_bound":37.19241985505062},"point_estimate":37.14563805439751,"standard_error":0.023424919397470743},"median_abs_dev":{"confidence_interval":{"confidence_level":0.95,"lower_bound":0.6133953950436648,"upper_bound":0.7673343306531871},"point_estimate":0.6851138160505538,"standard_error":0.03937480308844958},"slope":{"confidence_interval":{"confidence_level":0.95,"lower_bound":37.677059769857514,"upper_bound":37.935525131193835},"point_estimate":37.802790088916026,"standard_error":0.06602710255079085},"std_dev":{"confidence_interval":{"confidence_level":0.95,"lower_bound":3.2882770922161746,"upper_bound":4.433937679145502},"point_estimate":3.856826042815527,"standard_error":0.2938083404297666}}