{"mean":{"confidence_interval":{"confidence_level":0.95,"lower_bound":245228.1569409092,"upper_bound":246346.01090227257},"point_estimate":245786.43259090884,"standard_error":284.47343807457486},"median":{"confidence_interval":{"confidence_level":0.95,"lower_bound":242112.70454545453,"upper_bound":243628.63636363635},"point_estimate":242714.5,"standard_error":351.12890440083726},"median_abs_dev":{"confidence_interval":{"confidence_level":0.95,"lower_bound":7499.256860952515,"upper_bound":9069.368140463821},"point_estimate":8326.079279455265,"standard_error":401.7502667839069},"slope":null,"std_dev":{"confidence_interval":{"confidence_level":0.95,"lower_bound":8670.223725136331,"upper_bound":9339.630172888637},"point_estimate":9012.39958099718,"standard_error":170.66605686564426}}